{
  "hash": "9c27caa7",
  "configHash": "328ae658",
  "lockfileHash": "10e78b5d",
  "browserHash": "28826dfa",
  "optimized": {
    "@angular/core": {
      "src": "../../../../../node_modules/@angular/core/fesm2022/core.mjs",
      "file": "@angular_core.js",
      "fileHash": "0dd24da1",
      "needsInterop": false
    },
    "@angular/platform-browser": {
      "src": "../../../../../node_modules/@angular/platform-browser/fesm2022/platform-browser.mjs",
      "file": "@angular_platform-browser.js",
      "fileHash": "e343418c",
      "needsInterop": false
    },
    "@angular/router": {
      "src": "../../../../../node_modules/@angular/router/fesm2022/router.mjs",
      "file": "@angular_router.js",
      "fileHash": "556e04e5",
      "needsInterop": false
    },
    "@fortawesome/angular-fontawesome": {
      "src": "../../../../../node_modules/@fortawesome/angular-fontawesome/fesm2022/angular-fontawesome.mjs",
      "file": "@fortawesome_angular-fontawesome.js",
      "fileHash": "51a00ae4",
      "needsInterop": false
    },
    "@angular/forms": {
      "src": "../../../../../node_modules/@angular/forms/fesm2022/forms.mjs",
      "file": "@angular_forms.js",
      "fileHash": "854692ca",
      "needsInterop": false
    }
  },
  "chunks": {
    "chunk-KZJJBW77": {
      "file": "chunk-KZJJBW77.js"
    },
    "chunk-QHYRABPK": {
      "file": "chunk-QHYRABPK.js"
    },
    "chunk-HVFU3AXE": {
      "file": "chunk-HVFU3AXE.js"
    }
  }
}